{
  "Total" : {
    "transaction" : "Total",
    "sampleCount" : 900000,
    "errorCount" : 828462,
    "errorPct" : 92.05133,
    "meanResTime" : 6479.47147777791,
    "medianResTime" : 479.0,
    "minResTime" : 0.0,
    "maxResTime" : 178151.0,
    "pct1ResTime" : 147091.9,
    "pct2ResTime" : 149101.0,
    "pct3ResTime" : 152121.99,
    "throughput" : 1201.6550795962974,
    "receivedKBytesPerSec" : 2776.1988997220506,
    "sentKBytesPerSec" : 22.101764413518886
  },
  "Login Page" : {
    "transaction" : "Login Page",
    "sampleCount" : 300000,
    "errorCount" : 254930,
    "errorPct" : 84.97667,
    "meanResTime" : 8249.782113333311,
    "medianResTime" : 1.0,
    "minResTime" : 0.0,
    "maxResTime" : 100346.0,
    "pct1ResTime" : 71045.9,
    "pct2ResTime" : 74025.0,
    "pct3ResTime" : 76066.0,
    "throughput" : 444.65260773932687,
    "receivedKBytesPerSec" : 966.2183634301392,
    "sentKBytesPerSec" : 15.39569126064943
  },
  "Pay" : {
    "transaction" : "Pay",
    "sampleCount" : 300000,
    "errorCount" : 300000,
    "errorPct" : 100.0,
    "meanResTime" : 32.65333999999957,
    "medianResTime" : 1.0,
    "minResTime" : 0.0,
    "maxResTime" : 4317.0,
    "pct1ResTime" : 220.0,
    "pct2ResTime" : 410.9500000000007,
    "pct3ResTime" : 1326.9900000000016,
    "throughput" : 416.79112512764226,
    "receivedKBytesPerSec" : 1006.6248650855812,
    "sentKBytesPerSec" : 2.7493561445431625
  },
  "Get all restaurants" : {
    "transaction" : "Get all restaurants",
    "sampleCount" : 300000,
    "errorCount" : 273532,
    "errorPct" : 91.17733,
    "meanResTime" : 11155.978979999996,
    "medianResTime" : 4.0,
    "minResTime" : 0.0,
    "maxResTime" : 178151.0,
    "pct1ResTime" : 147091.9,
    "pct2ResTime" : 149101.0,
    "pct3ResTime" : 152121.99,
    "throughput" : 401.33134986461755,
    "receivedKBytesPerSec" : 940.2334845460675,
    "sentKBytesPerSec" : 5.6016763777705245
  }
}